file,age,gender,race,band
30_1_0_20170117143857490.jpg.chip.jpg,30,1,0,30-33
31_1_0_20170109002639441.jpg.chip.jpg,31,1,0,30-33
33_1_0_20170117182546605.jpg.chip.jpg,33,1,0,30-33
32_1_0_20170116191618394.jpg.chip.jpg,32,1,0,30-33
31_1_0_20170117133435466.jpg.chip.jpg,31,1,0,30-33
32_1_0_20170103163347255.jpg.chip.jpg,32,1,0,30-33
32_1_0_20170113000739610.jpg.chip.jpg,32,1,0,30-33
33_1_0_20170109001602570.jpg.chip.jpg,33,1,0,30-33
31_1_0_20170117133121639.jpg.chip.jpg,31,1,0,30-33
32_1_0_20170103182602906.jpg.chip.jpg,32,1,0,30-33
32_1_0_20170117182539124.jpg.chip.jpg,32,1,0,30-33
33_1_0_20170104165723873.jpg.chip.jpg,33,1,0,30-33
32_1_0_20170117154910644.jpg.chip.jpg,32,1,0,30-33
32_1_0_20170117180018829.jpg.chip.jpg,32,1,0,30-33
33_1_0_20170105003407044.jpg.chip.jpg,33,1,0,30-33
32_1_0_20170109004650365.jpg.chip.jpg,32,1,0,30-33
32_1_0_20170117134801098.jpg.chip.jpg,32,1,0,30-33
30_1_0_20170103182413737.jpg.chip.jpg,30,1,0,30-33
32_1_0_20170109132836606.jpg.chip.jpg,32,1,0,30-33
30_1_0_20170104165921257.jpg.chip.jpg,30,1,0,30-33
32_1_0_20170120220532409.jpg.chip.jpg,32,1,0,30-33
32_1_0_20170116214216387.jpg.chip.jpg,32,1,0,30-33
30_1_0_20170117160402167.jpg.chip.jpg,30,1,0,30-33
32_1_0_20170116214615260.jpg.chip.jpg,32,1,0,30-33
32_1_0_20170117134737646.jpg.chip.jpg,32,1,0,30-33
32_1_0_20170104204331019.jpg.chip.jpg,32,1,0,30-33
30_1_0_20170117092656822.jpg.chip.jpg,30,1,0,30-33
30_1_0_20170117193709509.jpg.chip.jpg,30,1,0,30-33
30_1_0_20170103180858952.jpg.chip.jpg,30,1,0,30-33
32_1_0_20170116205329227.jpg.chip.jpg,32,1,0,30-33
30_1_0_20170117141413713.jpg.chip.jpg,30,1,0,30-33
31_1_0_20170104234835075.jpg.chip.jpg,31,1,0,30-33
30_1_0_20170117152122396.jpg.chip.jpg,30,1,0,30-33
32_1_0_20170104234949266.jpg.chip.jpg,32,1,0,30-33
33_1_0_20170119192533970.jpg.chip.jpg,33,1,0,30-33
32_1_0_20170116193207695.jpg.chip.jpg,32,1,0,30-33
33_1_0_20170104171713868.jpg.chip.jpg,33,1,0,30-33
30_1_0_20170104165043953.jpg.chip.jpg,30,1,0,30-33
30_1_0_20170117151337477.jpg.chip.jpg,30,1,0,30-33
30_1_0_20170117120237417.jpg.chip.jpg,30,1,0,30-33
30_1_0_20170105164713380.jpg.chip.jpg,30,1,0,30-33
31_1_0_20170103183812243.jpg.chip.jpg,31,1,0,30-33
30_1_0_20170117094404388.jpg.chip.jpg,30,1,0,30-33
32_1_0_20170116220856474.jpg.chip.jpg,32,1,0,30-33
30_1_0_20170117153443852.jpg.chip.jpg,30,1,0,30-33
30_1_0_20170117135952703.jpg.chip.jpg,30,1,0,30-33
32_1_0_20170117182446213.jpg.chip.jpg,32,1,0,30-33
31_1_0_20170103163117935.jpg.chip.jpg,31,1,0,30-33
32_1_0_20170117134809503.jpg.chip.jpg,32,1,0,30-33
30_1_0_20170117171606522.jpg.chip.jpg,30,1,0,30-33
30_1_0_20170117170803122.jpg.chip.jpg,30,1,0,30-33
32_1_0_20170104172950778.jpg.chip.jpg,32,1,0,30-33
33_1_0_20170103182622241.jpg.chip.jpg,33,1,0,30-33
31_1_0_20170104235124347.jpg.chip.jpg,31,1,0,30-33
31_1_0_20170119200057620.jpg.chip.jpg,31,1,0,30-33
31_1_0_20170103180729440.jpg.chip.jpg,31,1,0,30-33
30_1_0_20170116191315733.jpg.chip.jpg,30,1,0,30-33
30_1_0_20170117131111201.jpg.chip.jpg,30,1,0,30-33
30_1_0_20170116191956794.jpg.chip.jpg,30,1,0,30-33
30_1_0_20170117092814966.jpg.chip.jpg,30,1,0,30-33
35_1_0_20170117145000436.jpg.chip.jpg,35,1,0,34-37
34_1_0_20170117171540757.jpg.chip.jpg,34,1,0,34-37
35_1_0_20170117185227543.jpg.chip.jpg,35,1,0,34-37
36_1_0_20170113000620083.jpg.chip.jpg,36,1,0,34-37
34_1_0_20170117182752390.jpg.chip.jpg,34,1,0,34-37
37_1_0_20170103183817362.jpg.chip.jpg,37,1,0,34-37
36_1_0_20170104172916913.jpg.chip.jpg,36,1,0,34-37
35_1_0_20170117185820075.jpg.chip.jpg,35,1,0,34-37
34_1_0_20170103163503653.jpg.chip.jpg,34,1,0,34-37
35_1_0_20170117142830378.jpg.chip.jpg,35,1,0,34-37
35_1_0_20170117183056734.jpg.chip.jpg,35,1,0,34-37
34_1_0_20170108224549572.jpg.chip.jpg,34,1,0,34-37
36_1_0_20170103163638913.jpg.chip.jpg,36,1,0,34-37
37_1_0_20170119180110066.jpg.chip.jpg,37,1,0,34-37
34_1_0_20170111182452832.jpg.chip.jpg,34,1,0,34-37
37_1_0_20170104172432171.jpg.chip.jpg,37,1,0,34-37
35_1_0_20170116222143959.jpg.chip.jpg,35,1,0,34-37
35_1_0_20170117092628774.jpg.chip.jpg,35,1,0,34-37
36_1_0_20170117091609131.jpg.chip.jpg,36,1,0,34-37
35_1_0_20170103163357623.jpg.chip.jpg,35,1,0,34-37
36_1_0_20170110173815028.jpg.chip.jpg,36,1,0,34-37
35_1_0_20170117175131343.jpg.chip.jpg,35,1,0,34-37
34_1_0_20170109004755204.jpg.chip.jpg,34,1,0,34-37
37_1_0_20170117140027921.jpg.chip.jpg,37,1,0,34-37
37_1_0_20170117184455008.jpg.chip.jpg,37,1,0,34-37
35_1_0_20170116201420399.jpg.chip.jpg,35,1,0,34-37
34_1_0_20170119170609560.jpg.chip.jpg,34,1,0,34-37
35_1_0_20170104181321972.jpg.chip.jpg,35,1,0,34-37
34_1_0_20170117134932847.jpg.chip.jpg,34,1,0,34-37
34_1_0_20170117182633942.jpg.chip.jpg,34,1,0,34-37
35_1_0_20170117121555358.jpg.chip.jpg,35,1,0,34-37
34_1_0_20170109004742195.jpg.chip.jpg,34,1,0,34-37
37_1_0_20170105170228540.jpg.chip.jpg,37,1,0,34-37
36_1_0_20170103182851698.jpg.chip.jpg,36,1,0,34-37
35_1_0_20170117141002650.jpg.chip.jpg,35,1,0,34-37
34_1_0_20170103182644010.jpg.chip.jpg,34,1,0,34-37
35_1_0_20170117154643574.jpg.chip.jpg,35,1,0,34-37
36_1_0_20170104234532883.jpg.chip.jpg,36,1,0,34-37
34_1_0_20170103163601073.jpg.chip.jpg,34,1,0,34-37
37_1_0_20170117140054979.jpg.chip.jpg,37,1,0,34-37
35_1_0_20170117174520494.jpg.chip.jpg,35,1,0,34-37
35_1_0_20170103182348593.jpg.chip.jpg,35,1,0,34-37
35_1_0_20170105162234814.jpg.chip.jpg,35,1,0,34-37
37_1_0_20170103163508220.jpg.chip.jpg,37,1,0,34-37
37_1_0_20170103183009635.jpg.chip.jpg,37,1,0,34-37
34_1_0_20170104022106301.jpg.chip.jpg,34,1,0,34-37
36_1_0_20170104200945656.jpg.chip.jpg,36,1,0,34-37
35_1_0_20170117183059886.jpg.chip.jpg,35,1,0,34-37
36_1_0_20170117091600475.jpg.chip.jpg,36,1,0,34-37
36_1_0_20170117135850660.jpg.chip.jpg,36,1,0,34-37
35_1_0_20170117185628434.jpg.chip.jpg,35,1,0,34-37
34_1_0_20170120140756170.jpg.chip.jpg,34,1,0,34-37
37_1_0_20170104183404469.jpg.chip.jpg,37,1,0,34-37
37_1_0_20170104165756313.jpg.chip.jpg,37,1,0,34-37
35_1_0_20170113001639849.jpg.chip.jpg,35,1,0,34-37
37_1_0_20170103183019306.jpg.chip.jpg,37,1,0,34-37
34_1_0_20170120223213290.jpg.chip.jpg,34,1,0,34-37
37_1_0_20170105172735429.jpg.chip.jpg,37,1,0,34-37
35_1_0_20170117135422687.jpg.chip.jpg,35,1,0,34-37
35_1_0_20170117135241435.jpg.chip.jpg,35,1,0,34-37
40_1_0_20170117182524092.jpg.chip.jpg,40,1,0,38-41
38_1_0_20170117160605286.jpg.chip.jpg,38,1,0,38-41
41_1_0_20170103181204176.jpg.chip.jpg,41,1,0,38-41
40_1_0_20170117155203150.jpg.chip.jpg,40,1,0,38-41
39_1_0_20170104205026100.jpg.chip.jpg,39,1,0,38-41
38_1_0_20170104184812557.jpg.chip.jpg,38,1,0,38-41
38_1_0_20170103184101115.jpg.chip.jpg,38,1,0,38-41
40_1_0_20170104172853980.jpg.chip.jpg,40,1,0,38-41
39_1_0_20170103183321298.jpg.chip.jpg,39,1,0,38-41
38_1_0_20170104002144725.jpg.chip.jpg,38,1,0,38-41
39_1_0_20170103183200192.jpg.chip.jpg,39,1,0,38-41
38_1_0_20170117121950680.jpg.chip.jpg,38,1,0,38-41
40_1_0_20170116204155182.jpg.chip.jpg,40,1,0,38-41
40_1_0_20170116232924702.jpg.chip.jpg,40,1,0,38-41
40_1_0_20170109132716930.jpg.chip.jpg,40,1,0,38-41
41_1_0_20170109132156624.jpg.chip.jpg,41,1,0,38-41
41_1_0_20170117133203334.jpg.chip.jpg,41,1,0,38-41
39_1_0_20170117091134561.jpg.chip.jpg,39,1,0,38-41
40_1_0_20170117001103881.jpg.chip.jpg,40,1,0,38-41
40_1_0_20170117154628772.jpg.chip.jpg,40,1,0,38-41
40_1_0_20170116211621237.jpg.chip.jpg,40,1,0,38-41
38_1_0_20170104192820567.jpg.chip.jpg,38,1,0,38-41
38_1_0_20170117154114972.jpg.chip.jpg,38,1,0,38-41
40_1_0_20170117135406232.jpg.chip.jpg,40,1,0,38-41
41_1_0_20170104201435202.jpg.chip.jpg,41,1,0,38-41
40_1_0_20170117181413925.jpg.chip.jpg,40,1,0,38-41
40_1_0_20170116221041453.jpg.chip.jpg,40,1,0,38-41
38_1_0_20170104184650846.jpg.chip.jpg,38,1,0,38-41
40_1_0_20170117135413979.jpg.chip.jpg,40,1,0,38-41
38_1_0_20170104235617475.jpg.chip.jpg,38,1,0,38-41
39_1_0_20170104171537233.jpg.chip.jpg,39,1,0,38-41
40_1_0_20170116222643228.jpg.chip.jpg,40,1,0,38-41
38_1_0_20170117173928071.jpg.chip.jpg,38,1,0,38-41
40_1_0_20170117134417715.jpg.chip.jpg,40,1,0,38-41
38_1_0_20170117130939679.jpg.chip.jpg,38,1,0,38-41
40_1_0_20170117135420797.jpg.chip.jpg,40,1,0,38-41
40_1_0_20170117091845090.jpg.chip.jpg,40,1,0,38-41
39_1_0_20170105164247586.jpg.chip.jpg,39,1,0,38-41
40_1_0_20170116222110661.jpg.chip.jpg,40,1,0,38-41
40_1_0_20170117130551448.jpg.chip.jpg,40,1,0,38-41
41_1_0_20170104234815241.jpg.chip.jpg,41,1,0,38-41
39_1_0_20170104205624580.jpg.chip.jpg,39,1,0,38-41
39_1_0_20170103183656003.jpg.chip.jpg,39,1,0,38-41
38_1_0_20170103183311778.jpg.chip.jpg,38,1,0,38-41
38_1_0_20170116003240193.jpg.chip.jpg,38,1,0,38-41
40_1_0_20170109220527167.jpg.chip.jpg,40,1,0,38-41
40_1_0_20170117185239576.jpg.chip.jpg,40,1,0,38-41
40_1_0_20170117092211401.jpg.chip.jpg,40,1,0,38-41
38_1_0_20170105170148788.jpg.chip.jpg,38,1,0,38-41
38_1_0_20170111182452859.jpg.chip.jpg,38,1,0,38-41
41_1_0_20170103163256248.jpg.chip.jpg,41,1,0,38-41
40_1_0_20170105172808981.jpg.chip.jpg,40,1,0,38-41
41_1_0_20170104210211937.jpg.chip.jpg,41,1,0,38-41
40_1_0_20170117121910432.jpg.chip.jpg,40,1,0,38-41
39_1_0_20170103184109643.jpg.chip.jpg,39,1,0,38-41
39_1_0_20170117171010820.jpg.chip.jpg,39,1,0,38-41
40_1_0_20170103163152623.jpg.chip.jpg,40,1,0,38-41
39_1_0_20170117185231233.jpg.chip.jpg,39,1,0,38-41
40_1_0_20170105173401214.jpg.chip.jpg,40,1,0,38-41
38_1_0_20170117154127675.jpg.chip.jpg,38,1,0,38-41
43_1_0_20170117155104591.jpg.chip.jpg,43,1,0,42-45
42_1_0_20170104185202934.jpg.chip.jpg,42,1,0,42-45
45_1_0_20170104205614347.jpg.chip.jpg,45,1,0,42-45
42_1_0_20170103182957410.jpg.chip.jpg,42,1,0,42-45
45_1_0_20170115231034803.jpg.chip.jpg,45,1,0,42-45
44_1_0_20170116222635275.jpg.chip.jpg,44,1,0,42-45
45_1_0_20170110151448578.jpg.chip.jpg,45,1,0,42-45
44_1_0_20170104210419052.jpg.chip.jpg,44,1,0,42-45
44_1_0_20170117190014098.jpg.chip.jpg,44,1,0,42-45
42_1_0_20170110124244590.jpg.chip.jpg,42,1,0,42-45
43_1_0_20170105173022908.jpg.chip.jpg,43,1,0,42-45
45_1_0_20170117140127932.jpg.chip.jpg,45,1,0,42-45
45_1_0_20170104185042110.jpg.chip.jpg,45,1,0,42-45
45_1_0_20170105001254581.jpg.chip.jpg,45,1,0,42-45
45_1_0_20170110154650451.jpg.chip.jpg,45,1,0,42-45
45_1_0_20170104170321489.jpg.chip.jpg,45,1,0,42-45
42_1_0_20170109004749442.jpg.chip.jpg,42,1,0,42-45
42_1_0_20170104184036733.jpg.chip.jpg,42,1,0,42-45
42_1_0_20170117154914871.jpg.chip.jpg,42,1,0,42-45
45_1_0_20170109142531078.jpg.chip.jpg,45,1,0,42-45
45_1_0_20170103184012435.jpg.chip.jpg,45,1,0,42-45
43_1_0_20170119204611182.jpg.chip.jpg,43,1,0,42-45
43_1_0_20170103183515393.jpg.chip.jpg,43,1,0,42-45
45_1_0_20170117174627560.jpg.chip.jpg,45,1,0,42-45
42_1_0_20170117154907268.jpg.chip.jpg,42,1,0,42-45
42_1_0_20170113001509060.jpg.chip.jpg,42,1,0,42-45
42_1_0_20170113000148605.jpg.chip.jpg,42,1,0,42-45
45_1_0_20170103163311263.jpg.chip.jpg,45,1,0,42-45
45_1_0_20170109221119437.jpg.chip.jpg,45,1,0,42-45
43_1_0_20170103183352530.jpg.chip.jpg,43,1,0,42-45
45_1_0_20170110160643106.jpg.chip.jpg,45,1,0,42-45
42_1_0_20170117154916559.jpg.chip.jpg,42,1,0,42-45
45_1_0_20170110140908362.jpg.chip.jpg,45,1,0,42-45
42_1_0_20170105164819483.jpg.chip.jpg,42,1,0,42-45
43_1_0_20170103183401202.jpg.chip.jpg,43,1,0,42-45
43_1_0_20170108234555262.jpg.chip.jpg,43,1,0,42-45
42_1_0_20170111182452884.jpg.chip.jpg,42,1,0,42-45
45_1_0_20170117172231634.jpg.chip.jpg,45,1,0,42-45
42_1_0_20170103184125771.jpg.chip.jpg,42,1,0,42-45
44_1_0_20170116222639625.jpg.chip.jpg,44,1,0,42-45
45_1_0_20170111182452911.jpg.chip.jpg,45,1,0,42-45
45_1_0_20170103163617968.jpg.chip.jpg,45,1,0,42-45
45_1_0_20170117171159258.jpg.chip.jpg,45,1,0,42-45
42_1_0_20170104235631908.jpg.chip.jpg,42,1,0,42-45
43_1_0_20170119155553251.jpg.chip.jpg,43,1,0,42-45
43_1_0_20170117155108211.jpg.chip.jpg,43,1,0,42-45
45_1_0_20170110154302056.jpg.chip.jpg,45,1,0,42-45
45_1_0_20170103183543298.jpg.chip.jpg,45,1,0,42-45
45_1_0_20170117135009283.jpg.chip.jpg,45,1,0,42-45
45_1_0_20170109132846228.jpg.chip.jpg,45,1,0,42-45
42_1_0_20170103183246362.jpg.chip.jpg,42,1,0,42-45
42_1_0_20170112235933106.jpg.chip.jpg,42,1,0,42-45
45_1_0_20170117145704297.jpg.chip.jpg,45,1,0,42-45
45_1_0_20170117175418025.jpg.chip.jpg,45,1,0,42-45
45_1_0_20170119204732262.jpg.chip.jpg,45,1,0,42-45
45_1_0_20170109135632551.jpg.chip.jpg,45,1,0,42-45
45_1_0_20170117193323733.jpg.chip.jpg,45,1,0,42-45
42_1_0_20170109012301228.jpg.chip.jpg,42,1,0,42-45
42_1_0_20170110160632965.jpg.chip.jpg,42,1,0,42-45
45_1_0_20170117200902766.jpg.chip.jpg,45,1,0,42-45
48_1_0_20170119192701682.jpg.chip.jpg,48,1,0,46-50
50_1_0_20170117160741470.jpg.chip.jpg,50,1,0,46-50
49_1_0_20170109221102358.jpg.chip.jpg,49,1,0,46-50
46_1_0_20170120133524101.jpg.chip.jpg,46,1,0,46-50
47_1_0_20170110123140034.jpg.chip.jpg,47,1,0,46-50
50_1_0_20170116235636514.jpg.chip.jpg,50,1,0,46-50
50_1_0_20170110143557981.jpg.chip.jpg,50,1,0,46-50
47_1_0_20170104235823851.jpg.chip.jpg,47,1,0,46-50
50_1_0_20170104205235021.jpg.chip.jpg,50,1,0,46-50
50_1_0_20170110141207224.jpg.chip.jpg,50,1,0,46-50
50_1_0_20170104213643230.jpg.chip.jpg,50,1,0,46-50
46_1_0_20170120133945310.jpg.chip.jpg,46,1,0,46-50
50_1_0_20170113000711114.jpg.chip.jpg,50,1,0,46-50
48_1_0_20170105173544229.jpg.chip.jpg,48,1,0,46-50
50_1_0_20170104185100237.jpg.chip.jpg,50,1,0,46-50
49_1_0_20170109142131660.jpg.chip.jpg,49,1,0,46-50
50_1_0_20170109012358091.jpg.chip.jpg,50,1,0,46-50
50_1_0_20170103163657008.jpg.chip.jpg,50,1,0,46-50
50_1_0_20170109012542626.jpg.chip.jpg,50,1,0,46-50
50_1_0_20170110151434231.jpg.chip.jpg,50,1,0,46-50
48_1_0_20170109142203204.jpg.chip.jpg,48,1,0,46-50
48_1_0_20170110152853674.jpg.chip.jpg,48,1,0,46-50
49_1_0_20170103181021153.jpg.chip.jpg,49,1,0,46-50
50_1_0_20170117134105409.jpg.chip.jpg,50,1,0,46-50
49_1_0_20170104204953660.jpg.chip.jpg,49,1,0,46-50
50_1_0_20170105001410549.jpg.chip.jpg,50,1,0,46-50
50_1_0_20170105173205092.jpg.chip.jpg,50,1,0,46-50
48_1_0_20170117160521447.jpg.chip.jpg,48,1,0,46-50
48_1_0_20170109220544479.jpg.chip.jpg,48,1,0,46-50
49_1_0_20170104235655316.jpg.chip.jpg,49,1,0,46-50
49_1_0_20170105173159405.jpg.chip.jpg,49,1,0,46-50
50_1_0_20170110143343917.jpg.chip.jpg,50,1,0,46-50
50_1_0_20170117145826250.jpg.chip.jpg,50,1,0,46-50
50_1_0_20170110154254311.jpg.chip.jpg,50,1,0,46-50
50_1_0_20170116223837168.jpg.chip.jpg,50,1,0,46-50
47_1_0_20170117160425905.jpg.chip.jpg,47,1,0,46-50
50_1_0_20170117092638126.jpg.chip.jpg,50,1,0,46-50
49_1_0_20170109141328213.jpg.chip.jpg,49,1,0,46-50
47_1_0_20170117160418681.jpg.chip.jpg,47,1,0,46-50
48_1_0_20170103224620464.jpg.chip.jpg,48,1,0,46-50
49_1_0_20170104235723082.jpg.chip.jpg,49,1,0,46-50
49_1_0_20170104185034878.jpg.chip.jpg,49,1,0,46-50
50_1_0_20170109012137723.jpg.chip.jpg,50,1,0,46-50
46_1_0_20170104171626722.jpg.chip.jpg,46,1,0,46-50
48_1_0_20170117174150685.jpg.chip.jpg,48,1,0,46-50
50_1_0_20170119205609399.jpg.chip.jpg,50,1,0,46-50
46_1_0_20170104235246210.jpg.chip.jpg,46,1,0,46-50
50_1_0_20170117155139407.jpg.chip.jpg,50,1,0,46-50
50_1_0_20170111182452949.jpg.chip.jpg,50,1,0,46-50
50_1_0_20170103183831466.jpg.chip.jpg,50,1,0,46-50
50_1_0_20170109012257664.jpg.chip.jpg,50,1,0,46-50
49_1_0_20170104205013876.jpg.chip.jpg,49,1,0,46-50
50_1_0_20170117121926916.jpg.chip.jpg,50,1,0,46-50
49_1_0_20170103181849281.jpg.chip.jpg,49,1,0,46-50
46_1_0_20170110154306423.jpg.chip.jpg,46,1,0,46-50
48_1_0_20170110125249128.jpg.chip.jpg,48,1,0,46-50
49_1_0_20170117160607343.jpg.chip.jpg,49,1,0,46-50
49_1_0_20170109221050190.jpg.chip.jpg,49,1,0,46-50
49_1_0_20170104213040501.jpg.chip.jpg,49,1,0,46-50
48_1_0_20170109141729566.jpg.chip.jpg,48,1,0,46-50
